year,civilians_total,female_civilians,female_officers,female_total,male_civilians,male_officers,male_total,population,total_police_employees,ori,ncic_agency_name,agency_name_edit,agency_type_name,state_abbr,police_employees_per_1000_pop,officers_total,employees_total
2019,0,0,0,0,0,0,0,277,0,AK0011900,SELDOVIA PD,SELDOVIA PD,City,AK,0,0,0
2019,0,0,0,0,0,0,0,0,0,AL0013200,TANNEHILL IRONWORKS H SP,TANNEHILL IRONWORKS H SP,Other State Agency,AL,,0,0
2019,0,0,0,0,0,0,0,851,0,AL0040200,AUTAUGAVILLE PD,AUTAUGAVILLE PD,City,AL,0,0,0
2019,0,0,0,0,0,0,0,415,0,AL0080500,HIGHLAND LAKE PD,HIGHLAND LAKE PD,City,AL,0,0,0
2019,0,0,0,0,0,0,0,1208,0,AR0130100,RISON PD,RISON PD,City,AR,0,0,0
2019,0,0,0,0,0,0,0,316,0,AR0150400,MENIFEE,MENIFEE,City,AR,0,0,0
2018,0,0,0,0,0,0,0,696,0,AR0470800,KEISER POLICE DEPARTMENT,KEISER POLICE DEPARTMENT,City,AR,0,0,0
2019,0,0,0,0,0,0,0,188,0,AR0470900,DELL POLICE DEPARTMENT,DELL POLICE DEPARTMENT,City,AR,0,0,0
2018,0,0,0,0,0,0,0,564,0,AR0590300,DE VALLS BLUFF,DE VALLS BLUFF,City,AR,0,0,0
2019,0,0,0,0,0,0,0,0,0,AZ0101200,TOHONO O'ODHAM NATION PD SELLS,TOHONO O'ODHAM NATION PD SELLS,Tribal,AZ,,0,0
2019,0,0,0,0,0,0,0,959,0,CO0030600,BOW MAR,BOW MAR,City,CO,0,0,0
2019,0,0,0,0,0,0,0,750,0,CO0370200,HUGO,HUGO,City,CO,0,0,0
2019,0,0,0,0,0,0,0,0,0,CO0438000,DELTA MONTROSE DRUG TSK,DELTA MONTROSE DRUG TSK,Other,CO,,0,0
2019,0,0,0,0,0,0,0,55466,0,CO0510000,PUEBLO,PUEBLO,County,CO,0,0,0
2019,0,0,0,0,0,0,0,0,0,CO0622900,AIMS COMMUNITY COLLEGE,AIMS COMMUNITY COLLEGE,University or College,CO,,0,0
2019,0,0,0,0,0,0,0,3448,0,DE0010600,CLAYTON PD,CLAYTON PD,City,DE,0,0,0
2019,0,0,0,0,0,0,0,835,0,DE0010800,FREDERICA PD FREDERICA,FREDERICA PD FREDERICA,City,DE,0,0,0
2019,0,0,0,0,0,0,0,268,0,DE0010900,KENTON,KENTON,City,DE,0,0,0
2019,0,0,0,0,0,0,0,988,0,DE0031900,FRANKFORD PD,FRANKFORD PD,City,DE,0,0,0
2019,0,0,0,0,0,0,0,35691,0,FL0470000,OKEECHOBEE CO SO OKEECHOBEE,OKEECHOBEE CO SO OKEECHOBEE,County,FL,0,0,0
2018,2,1,0,1,1,0,1,343,2,GA1010400,SALE CITY,SALE CITY,City,GA,5.83,0,2
2019,0,0,0,0,0,0,0,15239,0,GA1170000,PUTNAM CO SO EATONTON,PUTNAM CO SO EATONTON,County,GA,0,0,0
2018,1,1,0,1,0,0,0,356,1,GA1300200,WOODLAND,WOODLAND,City,GA,2.81,0,1
2019,0,0,0,0,0,0,0,1946,0,GA1500300,DAVISBORO PD,DAVISBORO PD,City,GA,0,0,0
2019,0,0,0,0,0,0,0,2317,0,IA0330200,WEST UNION PD,WEST UNION PD,City,IA,0,0,0
2019,0,0,0,0,0,0,0,314,0,IA0821200,MCCAUSLAND,MCCAUSLAND,City,IA,0,0,0
2019,0,0,0,0,0,0,0,1087,0,ID0190300,CHALLIS POLICE DEPARTMENT CHALLIS,CHALLIS POLICE DEPARTMENT CHALLIS,City,ID,0,0,0
2019,0,0,0,0,0,0,0,0,0,IDDI00900,COEUR D'ALENE TRIBAL POLICE DEPARTMENT,COEUR D'ALENE TRIBAL POLICE DEPARTMENT,Tribal,ID,,0,0
2018,0,0,0,0,0,0,0,1107,0,IL0101000,THOMASBORO,THOMASBORO,City,IL,0,0,0
2019,1,1,0,1,0,0,0,1919,1,IL0169000,PHOENIX PD,PHOENIX PD,City,IL,0.52,0,1
2019,0,0,0,0,0,0,0,1152,0,IL0191000,MALTA,MALTA,City,IL,0,0,0
2019,0,0,0,0,0,0,0,473,0,IL0291100,FAIRVIEW PD,FAIRVIEW PD,City,IL,0,0,0
2019,0,0,0,0,0,0,0,0,0,IL0291800,CANTON PARK DISTRICT,CANTON PARK DISTRICT,Other,IL,,0,0
2019,0,0,0,0,0,0,0,1276,0,IL0380400,ONARGA,ONARGA,City,IL,0,0,0
2019,0,0,0,0,0,0,0,1230,0,IL0493300,TOWER LAKES BARRINGTON,TOWER LAKES BARRINGTON,City,IL,0,0,0
2019,0,0,0,0,0,0,0,522,0,IL0501300,GRAND RIDGE,GRAND RIDGE,City,IL,0,0,0
2018,0,0,0,0,0,0,0,723,0,IL0501600,TONICA,TONICA,City,IL,0,0,0
2019,0,0,0,0,0,0,0,597,0,IL0550100,BLANDINSVILLE,BLANDINSVILLE,City,IL,0,0,0
2019,0,0,0,0,0,0,0,1287,0,IL0550300,COLCHESTER,COLCHESTER,City,IL,0,0,0
2019,0,0,0,0,0,0,0,1267,0,IL0620300,TOLUCA PD,TOLUCA PD,City,IL,0,0,0
2019,0,0,0,0,0,0,0,961,0,IL0721200,GLASFORD PD,GLASFORD PD,City,IL,0,0,0
2019,0,0,0,0,0,0,0,307,0,IL0790900,RUMA RED BUD,RUMA RED BUD,City,IL,0,0,0
2019,0,0,0,0,0,0,0,794,0,IL0842400,PLEASANT PLAINS,PLEASANT PLAINS,City,IL,0,0,0
2019,0,0,0,0,0,0,0,1324,0,IL0842900,NEW BERLIN,NEW BERLIN,City,IL,0,0,0
2019,0,0,0,0,0,0,0,576,0,IL0870600,COWDEN,COWDEN,City,IL,0,0,0
2019,0,0,0,0,0,0,0,317,0,IL0901800,ARMINGTON,ARMINGTON,City,IL,0,0,0
2019,0,0,0,0,0,0,0,366,0,IL0920100,BELGIUM PD DANVILLE,BELGIUM PD DANVILLE,City,IL,0,0,0
2019,0,0,0,0,0,0,0,1941,0,IL0920200,CATLIN PD,CATLIN PD,City,IL,0,0,0
2019,0,0,0,0,0,0,0,696,0,IL0920700,POTOMAC PD,POTOMAC PD,City,IL,0,0,0
2019,0,0,0,0,0,0,0,516,0,IL0920800,RANKIN PD,RANKIN PD,City,IL,0,0,0
2019,0,0,0,0,0,0,0,570,0,IL0921600,SIDELL PD,SIDELL PD,City,IL,0,0,0
2019,0,0,0,0,0,0,0,455,0,IL0921800,FITHIAN PD DANVILLE,FITHIAN PD DANVILLE,City,IL,0,0,0
2019,0,0,0,0,0,0,0,233,0,IL0921900,HENNING PD HENNING,HENNING PD HENNING,City,IL,0,0,0
2019,0,0,0,0,0,0,0,261,0,IL0922000,INDIANOLA PD INDIANOLA,INDIANOLA PD INDIANOLA,City,IL,0,0,0
2019,0,0,0,0,0,0,0,785,0,IL0940100,ALEXIS,ALEXIS,City,IL,0,0,0
2019,0,0,0,0,0,0,0,2527,0,IL0996000,DIAMOND,DIAMOND,City,IL,0,0,0
2019,0,0,0,0,0,0,0,756,0,IL0996100,GODLEY,GODLEY,City,IL,0,0,0
2019,0,0,0,0,0,0,0,24623,0,IL099900X,HOMER GLEN,HOMER GLEN,City,IL,0,0,0
2019,0,0,0,0,0,0,0,15821,0,IN0020200,NEW HAVEN PD,NEW HAVEN PD,City,IN,0,0,0
2018,0,0,0,0,0,0,0,4401,0,IN0150300,GREENDALE PD LAWRENCEBURG,GREENDALE PD LAWRENCEBURG,City,IN,0,0,0
2019,0,0,0,0,0,0,0,29291,0,IN0270000,GRANT CO SO MARION,GRANT CO SO MARION,County,IN,0,0,0
2019,0,0,0,0,0,0,0,17025,0,IN0420200,VINCENNES PD,VINCENNES PD,City,IN,0,0,0
2019,0,0,0,0,0,0,0,8379,0,IN0480300,ELWOOD PD,ELWOOD PD,City,IN,0,0,0
2019,0,0,0,0,0,0,0,4821,0,IN0640600,PORTER PD CHESTERTON,PORTER PD CHESTERTON,City,IN,0,0,0
2019,0,0,0,0,0,0,0,0,0,INIEP0000,IN ST EXCISE PLICE HDQTRS INDIANAPOLIS,IN ST EXCISE PLICE HDQTRS INDIANAPOLIS,Other State Agency,IN,,0,0
2019,0,0,0,0,0,0,0,752,0,KS0170100,COLDWATER PD,COLDWATER PD,City,KS,0,0,0
2019,0,0,0,0,0,0,0,472,0,KS0960700,ARGONIA PD,ARGONIA PD,City,KS,0,0,0
2019,0,0,0,0,0,0,0,0,0,KY0010300,ADAIR COUNTY CONSTABLE DISTRICT 6,ADAIR COUNTY CONSTABLE DISTRICT 6,Other,KY,,0,0
2019,0,0,0,0,0,0,0,0,0,KY0330300,ESTILL CTY CNSTBL DST 1,ESTILL CTY CNSTBL DST 1,Other,KY,,0,0
2019,0,0,0,0,0,0,0,0,0,KY0372200,FRANKLIN COUNTY CONSTABLE DISTRICT 1,FRANKLIN COUNTY CONSTABLE DISTRICT 1,Other,KY,,0,0
2019,0,0,0,0,0,0,0,0,0,KY0400600,GARRARD COUNTY CONSTABLE DISTRICT,GARRARD COUNTY CONSTABLE DISTRICT,Other,KY,,0,0
2019,0,0,0,0,0,0,0,0,0,KY0470800,CONSTABLE'S OFFICE DISTRICT 5 VINE GROVE,CONSTABLE'S OFFICE DISTRICT 5 VINE GROVE,Other,KY,,0,0
2019,0,0,0,0,0,0,0,766,0,KY0562300,MEADOWVALE POLICE DEPARTMENT,MEADOWVALE POLICE DEPARTMENT,City,KY,0,0,0
2019,0,0,0,0,0,0,0,1060,0,KY0563800,NORTHFIELD PD LOUISVILLE,NORTHFIELD PD LOUISVILLE,City,KY,0,0,0
2019,0,0,0,0,0,0,0,1910,0,KY0566400,CITY OF HURSTBOURNE ACRES PD LOUISVILLE,CITY OF HURSTBOURNE ACRES PD LOUISVILLE,City,KY,0,0,0
2019,0,0,0,0,0,0,0,0,0,KY0630700,LAUREL COUNTY CONSTABLE DISTRICT 1,LAUREL COUNTY CONSTABLE DISTRICT 1,Other,KY,,0,0
2019,0,0,0,0,0,0,0,0,0,KY0650400,LEE COUNTY CONSTABLE DISTRICT 1,LEE COUNTY CONSTABLE DISTRICT 1,Other,KY,,0,0
2019,0,0,0,0,0,0,0,0,0,KY0740300,MCCREARY COUNTY DCONSTABLE DIST 1 REVELO,MCCREARY COUNTY DCONSTABLE DIST 1 REVELO,Other,KY,,0,0
2019,0,0,0,0,0,0,0,210,0,KY0860300,FOUNTAIN RUN,FOUNTAIN RUN,City,KY,0,0,0
2019,0,0,0,0,0,0,0,0,0,KY1140800,WARREN COUNTY CONSTABLE DISTRICT 4,WARREN COUNTY CONSTABLE DISTRICT 4,Other,KY,,0,0
2019,0,0,0,0,0,0,0,548,0,LA0190300,WILSON,WILSON,City,LA,0,0,0
2019,0,0,0,0,0,0,0,295,0,LA0190500,NORWOOD,NORWOOD,City,LA,0,0,0
2018,0,0,0,0,0,0,0,246,0,LA0460200,MONTPELIER,MONTPELIER,City,LA,0,0,0
2019,0,0,0,0,0,0,0,0,0,LADI00600,COUSHATTA TRIBAL POLICE DEPARTMENT,COUSHATTA TRIBAL POLICE DEPARTMENT,Tribal,LA,,0,0
2018,0,0,0,0,0,0,0,1918,0,MA0021100,HINSDALE PD,HINSDALE PD,City,MA,0,0,0
2018,0,0,0,0,0,0,0,1020,0,MA0061700,NEW SALEM PD,NEW SALEM PD,City,MA,0,0,0
2019,0,0,0,0,0,0,0,1257,0,MA0070200,BLANDFORD PD,BLANDFORD PD,City,MA,0,0,0
2019,0,0,0,0,0,0,0,1381,0,MA0070400,CHESTER,CHESTER,City,MA,0,0,0
2019,0,0,0,0,0,0,0,879,0,MA0080400,CUMMINGTON PD,CUMMINGTON PD,City,MA,0,0,0
2019,16,5,0,5,11,0,11,0,16,MD0190200,SAINT MARYS COLLEGE PD SAINT MARYS CITY,SAINT MARYS COLLEGE PD SAINT MARYS CITY,University or College,MD,,0,16
2019,0,0,0,0,0,0,0,0,0,MD305SP00,SP: CAROLINE COUNTY,SP: CAROLINE COUNTY,State Police,MD,,0,0
2019,1,0,0,0,1,0,1,0,1,MD309SP00,SP: DORCHESTER COUNTY,SP: DORCHESTER COUNTY,State Police,MD,,0,1
2019,0,0,0,0,0,0,0,0,0,MD314SP00,SP: KENT COUNTY,SP: KENT COUNTY,State Police,MD,,0,0
2019,0,0,0,0,0,0,0,513,0,ME0051500,WINTER HARBOR POLICE DEPARTMENT,WINTER HARBOR POLICE DEPARTMENT,City,ME,0,0,0
2019,0,0,0,0,0,0,0,2307,0,MI0335300,SAUGATUCK DOUGLAS POLICE DEPARTMENT,SAUGATUCK DOUGLAS POLICE DEPARTMENT,City,MI,0,0,0
2019,0,0,0,0,0,0,0,493,0,MI0841000,FREEPORT,FREEPORT,City,MI,0,0,0
2019,0,0,0,0,0,0,0,2115,0,MI0883200,WOODLAND TOWNSHIP,WOODLAND TOWNSHIP,City,MI,0,0,0
2019,0,0,0,0,0,0,0,533,0,MI1141800,GALIEN PD,GALIEN PD,City,MI,0,0,0
2019,0,0,0,0,0,0,0,983,0,MI1937800,ELSIE PD,ELSIE PD,City,MI,0,0,0
2019,0,0,0,0,0,0,0,823,0,MI2564000,OTISVILLE,OTISVILLE,City,MI,0,0,0
2019,0,0,0,0,0,0,0,6689,0,MI2578200,THETFORD TOWNSHIP POLICE DEPARTMENT,THETFORD TOWNSHIP POLICE DEPARTMENT,City,MI,0,0,0
2019,0,0,0,0,0,0,0,751,0,MI3237600,ELKTON PD,ELKTON PD,City,MI,0,0,0
2019,0,0,0,0,0,0,0,417,0,MI3250600,KINDE,KINDE,City,MI,0,0,0
2019,0,0,0,0,0,0,0,224,0,MI3264400,OWENDALE POLICE DEPARTMENT,OWENDALE POLICE DEPARTMENT,City,MI,0,0,0
2019,0,0,0,0,0,0,0,902,0,MI3922600,AUGUSTA PD,AUGUSTA PD,City,MI,0,0,0
2019,0,0,0,0,0,0,0,5032,0,MI4487600,LAPEER TWP PD,LAPEER TWP PD,City,MI,0,0,0
2019,0,0,0,0,0,0,0,353,0,MI5423800,BARRYTON POLICE DEPARTMENT,BARRYTON POLICE DEPARTMENT,City,MI,0,0,0
2019,0,0,0,0,0,0,0,448,0,MI6489600,ROTHBURY PD,ROTHBURY PD,City,MI,0,0,0
2019,0,0,0,0,0,0,0,2238,0,MI7331100,CHESANING POLICE DEPARTMENT,CHESANING POLICE DEPARTMENT,City,MI,0,0,0
2019,0,0,0,0,0,0,0,591,0,MI7665300,PECK PD,PECK PD,City,MI,0,0,0
2019,0,0,0,0,0,0,0,494,0,MI7823000,BANCROFT PD,BANCROFT PD,City,MI,0,0,0
2019,0,0,0,0,0,0,0,552,0,MI7861400,NEW LOTHROP,NEW LOTHROP,City,MI,0,0,0
2019,0,0,0,0,0,0,0,360,0,MI7941500,GAGETOWN PD,GAGETOWN PD,City,MI,0,0,0
2019,0,0,0,0,0,0,0,313,0,MO0040100,FARBER,FARBER,City,MO,0,0,0
2019,0,0,0,0,0,0,0,297,0,MO0040300,MARTINSBURG,MARTINSBURG,City,MO,0,0,0
2019,0,0,0,0,0,0,0,439,0,MO0050700,WASHBURN,WASHBURN,City,MO,0,0,0
2019,0,0,0,0,0,0,0,980,0,MO0140100,AUXVASSE,AUXVASSE,City,MO,0,0,0
2019,0,0,0,0,0,0,0,303,0,MO0191200,EAST LYNNE,EAST LYNNE,City,MO,0,0,0
2019,0,0,0,0,0,0,0,140,0,MO0191600,STRASBURG,STRASBURG,City,MO,0,0,0
2019,0,0,0,0,0,0,0,404,0,MO0370400,ROSEBUD,ROSEBUD,City,MO,0,0,0
2019,1,1,0,1,0,0,0,151,1,MO0500500,KIMMSWICK,KIMMSWICK,City,MO,6.62,0,1
2019,0,0,0,0,0,0,0,775,0,MO0530100,CONWAY,CONWAY,City,MO,0,0,0
2019,0,0,0,0,0,0,0,381,0,MO0540100,ALMA,ALMA,City,MO,0,0,0
2019,0,0,0,0,0,0,0,397,0,MO0540300,CORDER,CORDER,City,MO,0,0,0
2019,0,0,0,0,0,0,0,795,0,MO0540800,WELLINGTON,WELLINGTON,City,MO,0,0,0
2019,0,0,0,0,0,0,0,212,0,MO0540900,NAPOLEON,NAPOLEON,City,MO,0,0,0
2019,0,0,0,0,0,0,0,333,0,MO0541600,LAKE LAFAYETTE,LAKE LAFAYETTE,City,MO,0,0,0
2019,0,0,0,0,0,0,0,285,0,MO0570200,OLD MONROE,OLD MONROE,City,MO,0,0,0
2019,0,0,0,0,0,0,0,702,0,MO0570700,HAWK POINT,HAWK POINT,City,MO,0,0,0
2019,0,0,0,0,0,0,0,363,0,MO0700400,BELLFLOWER,BELLFLOWER,City,MO,0,0,0
2019,0,0,0,0,0,0,0,708,0,MO0700800,NEW FLORENCE,NEW FLORENCE,City,MO,0,0,0
2019,0,0,0,0,0,0,0,1060,0,MO0720200,LILBOURN,LILBOURN,City,MO,0,0,0
2019,0,0,0,0,0,0,0,446,0,MO0721000,MARSTON,MARSTON,City,MO,0,0,0
2019,0,0,0,0,0,0,0,310,0,MO0721400,RISCO,RISCO,City,MO,0,0,0
2019,0,0,0,0,0,0,0,378,0,MO0730600,FAIRVIEW,FAIRVIEW,City,MO,0,0,0
2018,0,0,0,0,0,0,0,383,0,MO0780600,WARDELL,WARDELL,City,MO,0,0,0
2019,0,0,0,0,0,0,0,313,0,MO0820800,FRANKFORD,FRANKFORD,City,MO,0,0,0
2019,0,0,0,0,0,0,0,934,0,MO0830600,LAKE WAUKOMIS,LAKE WAUKOMIS,City,MO,0,0,0
2019,0,0,0,0,0,0,0,349,0,MO0830700,NORTHMOOR,NORTHMOOR,City,MO,0,0,0
2019,0,0,0,0,0,0,0,300,0,MO0831400,TRACY,TRACY,City,MO,0,0,0
2019,0,0,0,0,0,0,0,0,0,MO0832000,PLATTE CO M-JUR ENF GRP,PLATTE CO M-JUR ENF GRP,Other,MO,,0,0
2019,0,0,0,0,0,0,0,0,0,MO0832100,WESTERN MO CYBER CRMS TF,WESTERN MO CYBER CRMS TF,Other,MO,,0,0
2019,0,0,0,0,0,0,0,125,0,MO0890700,FLEMING,FLEMING,City,MO,0,0,0
2019,0,0,0,0,0,0,0,743,0,MO0942100,IRON MOUNTAIN LAKE,IRON MOUNTAIN LAKE,City,MO,0,0,0
2019,0,0,0,0,0,0,0,348,0,MO0970200,ST. MARYS,ST. MARYS,City,MO,0,0,0
2019,0,0,0,0,0,0,0,238,0,MO0980500,BLACKBURN,BLACKBURN,City,MO,0,0,0
2019,0,0,0,0,0,0,0,2237,0,MS0570100,MAGNOLIA PD,MAGNOLIA PD,City,MS,0,0,0
2019,0,0,0,0,0,0,0,0,0,MSDI05000,BU IND AFF LAW ENF CHOCTAW AGENCY PHILADELPHIA,BU IND AFF LAW ENF CHOCTAW AGENCY PHILADELPHIA,Tribal,MS,,0,0
2019,0,0,0,0,0,0,0,0,0,MTDI06200,ROCKY BOY'S TRIBAL PD BOX ELDER,ROCKY BOY'S TRIBAL PD BOX ELDER,Tribal,MT,,0,0
2019,0,0,0,0,0,0,0,463,0,NB0030000,ARTHUR CO SO ARTHUR,ARTHUR CO SO ARTHUR,County,NE,0,0,0
2019,0,0,0,0,0,0,0,0,0,NB0870200,OMAHA TRIBAL PD,OMAHA TRIBAL PD,Tribal,NE,,0,0
2019,0,0,0,0,0,0,0,466,0,NC0040300,MORVEN,MORVEN,City,NC,0,0,0
2019,0,0,0,0,0,0,0,444,0,NC0060400,ELK PARK PD,ELK PARK PD,City,NC,0,0,0
2019,0,0,0,0,0,0,0,777,0,NC0080100,AULANDER PD,AULANDER PD,City,NC,0,0,0
2019,0,0,0,0,0,0,0,479,0,NC0080300,LEWISTON WOODVILLE POLICE DEPARTMENT,LEWISTON WOODVILLE POLICE DEPARTMENT,City,NC,0,0,0
2019,0,0,0,0,0,0,0,1021,0,NC0140300,RHODHISS PD,RHODHISS PD,City,NC,0,0,0
2019,0,0,0,0,0,0,0,377,0,NC0180500,BROOKFORD PD HICKORY,BROOKFORD PD HICKORY,City,NC,0,0,0
2019,0,0,0,0,0,0,0,621,0,NC0180800,CATAWBA PD,CATAWBA PD,City,NC,0,0,0
2019,0,0,0,0,0,0,0,0,0,NC0420800,ST PARK RANGER MEDOC MTN ST PARK ENFIELD,ST PARK RANGER MEDOC MTN ST PARK ENFIELD,Other State Agency,NC,,0,0
2019,0,0,0,0,0,0,0,724,0,NC0460300,WINTON,WINTON,City,NC,0,0,0
2019,0,0,0,0,0,0,0,341,0,NC0631200,CAMERON POLICE DEPARTMENT,CAMERON POLICE DEPARTMENT,City,NC,0,0,0
2019,0,0,0,0,0,0,0,600,0,NC0720200,WINFALL PD WINFALL,WINFALL PD WINFALL,City,NC,0,0,0
2019,0,0,0,0,0,0,0,0,0,NDDI00100,BU IND AFF LAW ENF TURTLE MTN AGENCY BELCOURT,BU IND AFF LAW ENF TURTLE MTN AGENCY BELCOURT,Tribal,ND,,0,0
2019,0,0,0,0,0,0,0,0,0,NDDI00200,BU IN AFF LAW ENF FT TOTTEN AGENCY FORT TOTTEN,BU IN AFF LAW ENF FT TOTTEN AGENCY FORT TOTTEN,Tribal,ND,,0,0
2019,0,0,0,0,0,0,0,0,0,NDDI00300,BU IND AFF LAW ENF FT YATES AGENCY FORT YATES,BU IND AFF LAW ENF FT YATES AGENCY FORT YATES,Tribal,ND,,0,0
2019,0,0,0,0,0,0,0,868,0,NH0042200,DALTON PD,DALTON PD,City,NH,0,0,0
2019,0,0,0,0,0,0,0,2111,0,NH0044800,NORTHUMBERLAND PD GROVETON,NORTHUMBERLAND PD GROVETON,City,NH,0,0,0
2019,0,0,0,0,0,0,0,1868,0,NH0091200,MADBURY PD,MADBURY PD,City,NH,0,0,0
2019,0,0,0,0,0,0,0,1623,0,NH0103000,CORNISH,CORNISH,City,NH,0,0,0
2018,0,0,0,0,0,0,0,4405,0,NJ0010400,BUENA PD,BUENA PD,City,NJ,0,0,0
2018,0,0,0,0,0,0,0,526,0,NJ0025500,ROCKLEIGH PD,ROCKLEIGH PD,City,NJ,0,0,0
2019,0,0,0,0,0,0,0,539,0,NJ0031400,FIELDSBORO POLICE DEPARTMENT,FIELDSBORO POLICE DEPARTMENT,City,NJ,0,0,0
2019,0,0,0,0,0,0,0,997,0,NJ0040200,AUDUBON PARK PD AUDUBON,AUDUBON PARK PD AUDUBON,City,NJ,0,0,0
2018,0,0,0,0,0,0,0,5,0,NJ0043300,TAVISTOCK PD HADDONFIELD,TAVISTOCK PD HADDONFIELD,City,NJ,0,0,0
2018,0,0,0,0,0,0,0,277,0,NJ0050300,CAPE MAY POINT PD,CAPE MAY POINT PD,City,NJ,0,0,0
2018,0,0,0,0,0,0,0,1015,0,NJ0051200,WEST CAPE MAY PD CAPE MAY,WEST CAPE MAY PD CAPE MAY,City,NJ,0,0,0
2018,0,0,0,0,0,0,0,2934,0,NJ0081200,NATIONAL PARK PD,NATIONAL PARK PD,City,NJ,0,0,0
2018,0,0,0,0,0,0,0,1535,0,NJ0081300,NEWFIELD PD,NEWFIELD PD,City,NJ,0,0,0
2018,0,0,0,0,0,0,0,2557,0,NJ0081700,SWEDESBORO PD,SWEDESBORO PD,City,NJ,0,0,0
2018,0,0,0,0,0,0,0,2201,0,NJ0081900,WENONAH PD,WENONAH PD,City,NJ,0,0,0
2018,0,0,0,0,0,0,0,1068,0,NJ0100400,CALIFON PD,CALIFON PD,City,NJ,0,0,0
2019,0,0,0,0,0,0,0,1905,0,NJ0110500,HOPEWELL PD,HOPEWELL PD,City,NJ,0,0,0
2019,0,0,0,0,0,0,0,2173,0,NJ0120600,HELMETTA PD,HELMETTA PD,City,NJ,0,0,0
2019,0,0,0,0,0,0,0,789,0,NJ0132000,INTERLAKEN PD ASBURY PARK,INTERLAKEN PD ASBURY PARK,City,NJ,0,0,0
2019,0,0,0,0,0,0,0,179,0,NJ0132400,LOCH ARBOUR VILLAGE PD ALLENHURST,LOCH ARBOUR VILLAGE PD ALLENHURST,City,NJ,0,0,0
2018,0,0,0,0,0,0,0,1710,0,NJ0134700,LAKE COMO POLICE DEPARTMENT,LAKE COMO POLICE DEPARTMENT,City,NJ,0,0,0
2019,0,0,0,0,0,0,0,1635,0,NJ0140600,CHESTER BOROUGH POLICE DEPARTMENT,CHESTER BOROUGH POLICE DEPARTMENT,City,NJ,0,0,0
2019,0,0,0,0,0,0,0,3501,0,NJ0142000,MINE HILL TOWNSHIP POLICE DEPARTMENT,MINE HILL TOWNSHIP POLICE DEPARTMENT,City,NJ,0,0,0
2018,0,0,0,0,0,0,0,580,0,NJ0150100,BARNEGAT LIGHT PD,BARNEGAT LIGHT PD,City,NJ,0,0,0
2019,0,0,0,0,0,0,0,967,0,NJ0170300,ELSINBORO TWP PD SALEM,ELSINBORO TWP PD SALEM,City,NJ,0,0,0
2018,0,0,0,0,0,0,0,2288,0,NJ0210200,ALPHA BORO PD,ALPHA BORO PD,City,NJ,0,0,0
2019,0,0,0,0,0,0,0,2423,0,NJ0211700,OXFORD TWP PD OXFORD,OXFORD TWP PD OXFORD,City,NJ,0,0,0
2019,0,0,0,0,0,0,0,6453,0,NJ0212100,WASHINGTON PD,WASHINGTON PD,City,NJ,0,0,0
2018,0,0,0,0,0,0,0,47678,0,NM0030100,ROSWELL PD,ROSWELL PD,City,NM,0,0,0
2019,0,0,0,0,0,0,0,0,0,NM0210400,SAN JUAN TRIBAL PD SAN JUAN,SAN JUAN TRIBAL PD SAN JUAN,Tribal,NM,,0,0
2018,0,0,0,0,0,0,0,45364,0,NM0240200,FARMINGTON PD,FARMINGTON PD,City,NM,0,0,0
2019,0,0,0,0,0,0,0,45894,0,NM0320000,VALENCIA CO SO LOS LUNAS,VALENCIA CO SO LOS LUNAS,County,NM,0,0,0
2019,0,0,0,0,0,0,0,317732,0,NV0020300,HENDERSON PD,HENDERSON PD,City,NV,0,0,0
2019,0,0,0,0,0,0,0,2006,0,NV0060000,EUREKA CO SO EUREKA,EUREKA CO SO EUREKA,County,NV,0,0,0
2019,0,0,0,0,0,0,0,5185,0,NV0090000,LINCOLN CO SO PIOCHE,LINCOLN CO SO PIOCHE,County,NV,0,0,0
2019,0,0,0,0,0,0,0,0,0,NV0100200,YERINGTON PAIUTE TRIBAL PD YERINGTON,YERINGTON PAIUTE TRIBAL PD YERINGTON,Tribal,NV,,0,0
2019,0,0,0,0,0,0,0,111341,0,NV0160000,WASHOE CO SO RENO,WASHOE CO SO RENO,County,NV,0,0,0
2019,0,0,0,0,0,0,0,9413,0,NV0170000,WHITE PINE CO SO ELY,WHITE PINE CO SO ELY,County,NV,0,0,0
2019,0,0,0,0,0,0,0,0,0,NVDI06400,YOMBA SHOSHONE LAW ENFORCEMENT,YOMBA SHOSHONE LAW ENFORCEMENT,Tribal,NV,,0,0
2019,0,0,0,0,0,0,0,2571,0,NY0012000,GREEN ISLAND VILLAGE PD GREEN ISLAND,GREEN ISLAND VILLAGE PD GREEN ISLAND,City,NY,0,0,0
2019,0,0,0,0,0,0,0,818,0,NY0022300,ANGELICA VILLAGE ANGELICA,ANGELICA VILLAGE ANGELICA,City,NY,0,0,0
2019,0,0,0,0,0,0,0,1869,0,NY0025000,FRIENDSHIP TOWN PD FRIENDSHIP,FRIENDSHIP TOWN PD FRIENDSHIP,City,NY,0,0,0
2019,0,0,0,0,0,0,0,1137,0,NY0027000,INDEPENDENCE TOWN PD WHITESVILLE,INDEPENDENCE TOWN PD WHITESVILLE,City,NY,0,0,0
2019,0,0,0,0,0,0,0,1524,0,NY0032200,DEPOSIT VILLAGE PD DEPOSIT,DEPOSIT VILLAGE PD DEPOSIT,City,NY,0,0,0
2018,0,0,0,0,0,0,0,916,0,NY0042600,CATTARAUGUS VILLAGE PD CATTARAUGUS,CATTARAUGUS VILLAGE PD CATTARAUGUS,City,NY,0,0,0
2019,0,0,0,0,0,0,0,953,0,NY0042800,PORTVILLE VILLAGE PD PORTVILLE,PORTVILLE VILLAGE PD PORTVILLE,City,NY,0,0,0
2019,0,0,0,0,0,0,0,1200,0,NY0052600,MORAVIA VILLAGE PD MORAVIA,MORAVIA VILLAGE PD MORAVIA,City,NY,0,0,0
2019,0,0,0,0,0,0,0,3329,0,NY0065200,CARROLL TOWN PD FREWSBURG,CARROLL TOWN PD FREWSBURG,City,NY,0,0,0
2019,0,0,0,0,0,0,0,796,0,NY0082000,AFTON VILLAGE AFTON,AFTON VILLAGE AFTON,City,NY,0,0,0
2018,0,0,0,0,0,0,0,1304,0,NY0082100,BAINBRIDGE VILLAGE PD BAINBRIDGE,BAINBRIDGE VILLAGE PD BAINBRIDGE,City,NY,0,0,0
2019,0,0,0,0,0,0,0,1415,0,NY0082200,GREEN VILLAGE PD GREENE,GREEN VILLAGE PD GREENE,City,NY,0,0,0
2019,0,0,0,0,0,0,0,1302,0,NY0082700,SHERBURNE VILLAGE PD SHERBURNE,SHERBURNE VILLAGE PD SHERBURNE,City,NY,0,0,0
2019,0,0,0,0,0,0,0,1260,0,NY0100200,PHILMONT VILLAGE PD PHILMONT,PHILMONT VILLAGE PD PHILMONT,City,NY,0,0,0
2018,0,0,0,0,0,0,0,4362,0,NY0100300,GREENPORT TOWN PD HUDSON,GREENPORT TOWN PD HUDSON,City,NY,0,0,0
2019,0,0,0,0,0,0,0,1619,0,NY0102000,CHATHAM VILLAGE PD CHATHAM,CHATHAM VILLAGE PD CHATHAM,City,NY,0,0,0
2018,0,0,0,0,0,0,0,2652,0,NY0102500,STOCKPORT TOWN,STOCKPORT TOWN,City,NY,0,0,0
2019,0,0,0,0,0,0,0,2071,0,NY0132000,FISHKILL VILLAGE PD FISHKILL,FISHKILL VILLAGE PD FISHKILL,City,NY,0,0,0
2019,0,0,0,0,0,0,0,2556,0,NY0132700,RHINEBECK VILLAGE PD RHINEBECK,RHINEBECK VILLAGE PD RHINEBECK,City,NY,0,0,0
2018,4,2,0,2,2,0,2,21529,4,NY0136400,FISHKILL TOWN PD FISHKILL,FISHKILL TOWN PD FISHKILL,City,NY,0.19,0,4
2019,0,0,0,0,0,0,0,2575,0,NY0142600,GOWANDA VILLAGE PD GOWANDA,GOWANDA VILLAGE PD GOWANDA,City,NY,0,0,0
2019,0,0,0,0,0,0,0,1047,0,NY0172100,NORTHVILLE VILLAGE PD NORTHVILLE,NORTHVILLE VILLAGE PD NORTHVILLE,City,NY,0,0,0
2018,0,0,0,0,0,0,0,1594,0,NY0192000,ATHENS VILLAGE ATHENS,ATHENS VILLAGE ATHENS,City,NY,0,0,0
2019,0,0,0,0,0,0,0,2653,0,NY0192200,COXSACKIE VILLAGE PD COXSACKIE,COXSACKIE VILLAGE PD COXSACKIE,City,NY,0,0,0
2019,0,0,0,0,0,0,0,2659,0,NY0195100,DURHAM TOWN PD EAST DURHAM,DURHAM TOWN PD EAST DURHAM,City,NY,0,0,0
2018,0,0,0,0,0,0,0,1054,0,NY0222100,ALEXANDRIA BAY VILLAGE PD ALEXANDRIA BAY,ALEXANDRIA BAY VILLAGE PD ALEXANDRIA BAY,City,NY,0,0,0
2019,0,0,0,0,0,0,0,1093,0,NY0222300,BROWNVILLE VILLAGE BROWNVILLE,BROWNVILLE VILLAGE BROWNVILLE,City,NY,0,0,0
2019,0,0,0,0,0,0,0,1011,0,NY0222400,DEXTER VILLAGE PD DEXTER,DEXTER VILLAGE PD DEXTER,City,NY,0,0,0
2019,0,0,0,0,0,0,0,481,0,NY0222500,GLEN PARK VILLAGE RD WATERTOWN,GLEN PARK VILLAGE RD WATERTOWN,City,NY,0,0,0
2018,0,0,0,0,0,0,0,711,0,NY0222600,CAPE VINCENT VILLAGE PD CAPE VINCENT,CAPE VINCENT VILLAGE PD CAPE VINCENT,City,NY,0,0,0
2018,0,0,0,0,0,0,0,1981,0,NY0222700,WEST CARTHAGE VILLAGE PD WEST CARTHAGE,WEST CARTHAGE VILLAGE PD WEST CARTHAGE,City,NY,0,0,0
2019,0,0,0,0,0,0,0,1413,0,NY0223300,SACKETS HARBOR VILLAGE PD SACKETS HARBOR,SACKETS HARBOR VILLAGE PD SACKETS HARBOR,City,NY,0,0,0
2019,0,0,0,0,0,0,0,1253,0,NY0223400,BLACK RIVER,BLACK RIVER,City,NY,0,0,0
2018,0,0,0,0,0,0,0,801,0,NY0223700,THERESA VILLAGE PD THERESA,THERESA VILLAGE PD THERESA,City,NY,0,0,0
2019,0,0,0,0,0,0,0,1679,0,NY0282800,SAINT JOHNSVILLE VILLAGE PD SAINT JOHNSVILLE,SAINT JOHNSVILLE VILLAGE PD SAINT JOHNSVILLE,City,NY,0,0,0
2019,0,0,0,0,0,0,0,1879,0,NY0312300,YOUNGSTOWN VILLAGE PD YOUNGSTOWN,YOUNGSTOWN VILLAGE PD YOUNGSTOWN,City,NY,0,0,0
2019,0,0,0,0,0,0,0,1329,0,NY0323900,ORISKANY VILLAGE PD ORISKANY,ORISKANY VILLAGE PD ORISKANY,City,NY,0,0,0
2019,0,0,0,0,0,0,0,1298,0,NY0332400,JORDAN VILLAGE PD JORDAN,JORDAN VILLAGE PD JORDAN,City,NY,0,0,0
2019,0,0,0,0,0,0,0,1717,0,NY0333000,MARCELLUS VILLAGE PD,MARCELLUS VILLAGE PD,City,NY,0,0,0
2019,0,0,0,0,0,0,0,1618,0,NY0342200,MANCHESTER VILLAGE PD SHORTSVILLE,MANCHESTER VILLAGE PD SHORTSVILLE,City,NY,0,0,0
2019,0,0,0,0,0,0,0,1419,0,NY0342300,SHORTSVILLE VILLAGE PD SHORTSVILLE,SHORTSVILLE VILLAGE PD SHORTSVILLE,City,NY,0,0,0
2019,0,0,0,0,0,0,0,2227,0,NY0372600,PULASKI VILLAGE PD PULASKI,PULASKI VILLAGE PD PULASKI,City,NY,0,0,0
2019,0,0,0,0,0,0,0,2242,0,NY0372900,PHOENIX VILLAGE PD PHOENIX,PHOENIX VILLAGE PD PHOENIX,City,NY,0,0,0
2019,0,0,0,0,0,0,0,1955,0,NY0392000,COLD SPRING VILLAGE PD,COLD SPRING VILLAGE PD,City,NY,0,0,0
2019,0,0,0,0,0,0,0,2345,0,NY0392200,BREWSTER VILLAGE PD BREWSTER,BREWSTER VILLAGE PD BREWSTER,City,NY,0,0,0
2019,0,0,0,0,0,0,0,1101,0,NY0412100,NASSAU VILLAGE PD NASSAU,NASSAU VILLAGE PD NASSAU,City,NY,0,0,0
2019,0,0,0,0,0,0,0,1553,0,NY0442800,NORWOOD VILLAGE NORWOOD,NORWOOD VILLAGE NORWOOD,City,NY,0,0,0
2019,0,0,0,0,0,0,0,4375,0,NY0445100,NORFOLK TOWN NORFOLK,NORFOLK TOWN NORFOLK,City,NY,0,0,0
2019,0,0,0,0,0,0,0,7300,0,NY0457000,STILLWATER TOWN PD STILLWATER,STILLWATER TOWN PD STILLWATER,City,NY,0,0,0
2019,0,0,0,0,0,0,0,818,0,NY0472400,SCHOHARIE VILLAGE PD SCHOHARIE,SCHOHARIE VILLAGE PD SCHOHARIE,City,NY,0,0,0
2019,0,0,0,0,0,0,0,604,0,NY0492000,INTERLAKEN VILLAGE INTERLAKEN,INTERLAKEN VILLAGE INTERLAKEN,City,NY,0,0,0
2018,0,0,0,0,0,0,0,2474,0,NY0502500,COHOCTON TOWN COHOCTON,COHOCTON TOWN COHOCTON,City,NY,0,0,0
2019,0,0,0,0,0,0,0,620,0,NY0502800,HAMMONDSPORT VILLAGE PD HAMMONDSPORT,HAMMONDSPORT VILLAGE PD HAMMONDSPORT,City,NY,0,0,0
2019,0,0,0,0,0,0,0,776,0,NY0522300,WOODRIDGE VILLAGE PD WOODRIDGE,WOODRIDGE VILLAGE PD WOODRIDGE,City,NY,0,0,0
2019,0,0,0,0,0,0,0,2278,0,NY0542200,GROTON VILLAGE PD GROTON,GROTON VILLAGE PD GROTON,City,NY,0,0,0
2019,0,0,0,0,0,0,0,10160,0,NY0556100,PLATTEKILL TOWN PD MODENA,PLATTEKILL TOWN PD MODENA,City,NY,0,0,0
2019,0,0,0,0,0,0,0,2251,0,NY0565000,BOLTON TOWN PD BOLTON LANDING,BOLTON TOWN PD BOLTON LANDING,City,NY,0,0,0
2018,0,0,0,0,0,0,0,1613,0,NY0582100,WOLCOTT VILLAGE PD WOLCOTT,WOLCOTT VILLAGE PD WOLCOTT,City,NY,0,0,0
2019,1,1,0,1,0,0,0,1937,1,NY0582200,CLYDE VILLAGE PD CLYDE,CLYDE VILLAGE PD CLYDE,City,NY,0.52,0,1
2019,0,0,0,0,0,0,0,1706,0,NY0582800,SODUS VILLAGE PD SODUS,SODUS VILLAGE PD SODUS,City,NY,0,0,0
2019,0,0,0,0,0,0,0,864,0,NY0582900,SODUS POINT VILLAGE PD SODUS POINT,SODUS POINT VILLAGE PD SODUS POINT,City,NY,0,0,0
2019,0,0,0,0,0,0,0,42620,0,OH0090100,FAIRFIELD,FAIRFIELD,City,OH,0,0,0
2019,0,0,0,0,0,0,0,0,0,OH067149E,ROBINSON MEM HOSP POLICE & PROT SVC DPT RAVENNA,ROBINSON MEM HOSP POLICE & PROT SVC DPT RAVENNA,Other,OH,,0,0
2019,0,0,0,0,0,0,0,19103,0,OH0771400,TWINSBURG,TWINSBURG,City,OH,0,0,0
2019,0,0,0,0,0,0,0,861,0,OK0221100,SEILING,SEILING,City,OK,0,0,0
2019,0,0,0,0,0,0,0,390,0,OK0270400,LAMONT,LAMONT,City,OK,0,0,0
2019,0,0,0,0,0,0,0,170,0,OK0411400,SPARKS,SPARKS,City,OK,0,0,0
2019,0,0,0,0,0,0,0,434,0,OK0572300,WYNONA,WYNONA,City,OK,0,0,0
2019,6,0,0,0,6,0,6,1555,6,OK0690100,COMANCHE,COMANCHE,City,OK,3.86,0,6
2019,0,0,0,0,0,0,0,0,0,OKDI05500,OTOE-MISSOURIA TRIBAL,OTOE-MISSOURIA TRIBAL,Tribal,OK,,0,0
2019,0,0,0,0,0,0,0,0,0,OR001070X,LIQUOR COMM: BAKER CNTY,LIQUOR COMM: BAKER CNTY,Other State Agency,OR,,0,0
2019,0,0,0,0,0,0,0,0,0,OR008040X,LIQUOR COMM: CURRY CNTY,LIQUOR COMM: CURRY CNTY,Other State Agency,OR,,0,0
2019,0,0,0,0,0,0,0,0,0,OR011SP00,SP: GILLIAM COUNTY,SP: GILLIAM COUNTY,State Police,OR,,0,0
2019,0,0,0,0,0,0,0,0,0,OR012060X,LIQUOR COMM: GRANT CNTY,LIQUOR COMM: GRANT CNTY,Other State Agency,OR,,0,0
2019,0,0,0,0,0,0,0,0,0,OR014SP00,SP: HOOD RIVER COUNTY,SP: HOOD RIVER COUNTY,State Police,OR,,0,0
2019,0,0,0,0,0,0,0,0,0,OR016060X,LIQUOR COMM: JEFFERSON C,LIQUOR COMM: JEFFERSON C,Other State Agency,OR,,0,0
2019,0,0,0,0,0,0,0,0,0,OR023050X,LIQUOR COMM: MALHEUR CTY,LIQUOR COMM: MALHEUR CTY,Other State Agency,OR,,0,0
2019,0,0,0,0,0,0,0,0,0,OR025050X,LIQUOR COMM: MORROW CNTY,LIQUOR COMM: MORROW CNTY,Other State Agency,OR,,0,0
2019,0,0,0,0,0,0,0,0,0,OR025SP00,SP: MORROW COUNTY,SP: MORROW COUNTY,State Police,OR,,0,0
2019,0,0,0,0,0,0,0,0,0,OR026SP00,SP: MULTNOMAH COUNTY,SP: MULTNOMAH COUNTY,State Police,OR,,0,0
2019,0,0,0,0,0,0,0,0,0,OR027SP00,SP: POLK COUNTY,SP: POLK COUNTY,State Police,OR,,0,0
2019,0,0,0,0,0,0,0,0,0,OR028040X,LIQUOR COMM: SHERMAN CTY,LIQUOR COMM: SHERMAN CTY,Other State Agency,OR,,0,0
2019,0,0,0,0,0,0,0,0,0,OR028SP00,SP: SHERMAN COUNTY,SP: SHERMAN COUNTY,State Police,OR,,0,0
2019,0,0,0,0,0,0,0,0,0,OR029070X,LIQUOR COMM: TILLAMOOK C,LIQUOR COMM: TILLAMOOK C,Other State Agency,OR,,0,0
2019,0,0,0,0,0,0,0,0,0,OR031050X,LIQUOR COMM: UNION CNTY,LIQUOR COMM: UNION CNTY,Other State Agency,OR,,0,0
2019,0,0,0,0,0,0,0,0,0,OR032040X,LIQUOR COMM: WALLOWA CTY,LIQUOR COMM: WALLOWA CTY,Other State Agency,OR,,0,0
2019,0,0,0,0,0,0,0,725,0,OR0340500,GASTON,GASTON,City,OR,0,0,0
2019,0,0,0,0,0,0,0,12827,0,OR0340700,CORNELIUS,CORNELIUS,City,OR,0,0,0
2019,0,0,0,0,0,0,0,2055,0,OR0340900,BANKS,BANKS,City,OR,0,0,0
2019,0,0,0,0,0,0,0,0,0,OR035SP00,SP: WHEELER COUNTY,SP: WHEELER COUNTY,State Police,OR,,0,0
2019,0,0,0,0,0,0,0,0,0,ORDI00400,SILETZ TRIBAL,SILETZ TRIBAL,Tribal,OR,,0,0
2019,1,1,0,1,0,0,0,1228,1,PA0029900,WHITAKER PD,WHITAKER PD,City,PA,0.81,0,1
2019,0,0,0,0,0,0,0,2888,0,PA0060700,KENHORST READING,KENHORST READING,City,PA,0,0,0
2018,2,2,0,2,0,0,0,2513,2,PA0112600,EAST TAYLOR TWP POLICE DEPARTMENT JOHNSTOWN,EAST TAYLOR TWP POLICE DEPARTMENT JOHNSTOWN,City,PA,0.8,0,2
2019,1,1,0,1,0,0,0,2546,1,PA0230700,COLWYN POLICE DEPARTMENT COLWYN,COLWYN POLICE DEPARTMENT COLWYN,City,PA,0.39,0,1
1998,1,1,0,1,0,0,0,521,1,PA0300200,CARMICHAELS PD,CARMICHAELS PD,City,PA,1.92,0,1
2019,14,5,0,5,9,0,9,0,14,PA0365000,ELIZABETH COLLEGE CAMPUS PD ELIZABETH,ELIZABETH COLLEGE CAMPUS PD ELIZABETH,University or College,PA,,0,14
2018,1,1,0,1,0,0,0,2488,1,PA0371000,WAYNE TOWNSHIP,WAYNE TOWNSHIP,City,PA,0.4,0,1
2019,1,1,0,1,0,0,0,2809,1,PA0400900,LUZERNE POLICE DEPARTMENT LUZERNE,LUZERNE POLICE DEPARTMENT LUZERNE,City,PA,0.36,0,1
2019,1,1,0,1,0,0,0,4091,1,PA0430700,SHARPSVILLE PD,SHARPSVILLE PD,City,PA,0.24,0,1
2019,2,1,0,1,1,0,1,0,2,PA0432600,SPR: MAURICE K. GODDARD,SPR: MAURICE K. GODDARD,Other State Agency,PA,,0,2
2018,1,1,0,1,0,0,0,1877,1,PA0543200,CASS TWP POTTSVILLE,CASS TWP POTTSVILLE,City,PA,0.53,0,1
2019,3,2,0,2,1,0,1,0,3,PA0611500,SPR: OIL CREEK,SPR: OIL CREEK,Other State Agency,PA,,0,3
2019,0,0,0,0,0,0,0,0,0,RIRSP0600,SP PORTSMOUTH,SP PORTSMOUTH,State Police,RI,,0,0
2019,0,0,0,0,0,0,0,0,0,SC001FC00,FC: ABBEVILLE COUNTY,FC: ABBEVILLE COUNTY,Other State Agency,SC,,0,0
2019,0,0,0,0,0,0,0,0,0,SC0022600,STATE TRANSPORT POLICE,STATE TRANSPORT POLICE,Other State Agency,SC,,0,0
2019,0,0,0,0,0,0,0,0,0,SC0052600,STATE TRANSPORT POLICE,STATE TRANSPORT POLICE,Other State Agency,SC,,0,0
2019,0,0,0,0,0,0,0,0,0,SC006FC00,FC: BARNWELL COUNTY,FC: BARNWELL COUNTY,Other State Agency,SC,,0,0
2019,1,0,0,0,1,0,1,0,1,SC007FC00,FC: BEAUFORT COUNTY,FC: BEAUFORT COUNTY,Other State Agency,SC,,0,1
2019,0,0,0,0,0,0,0,0,0,SC0082600,STATE TRANSPORT POLICE,STATE TRANSPORT POLICE,Other State Agency,SC,,0,0
2019,0,0,0,0,0,0,0,0,0,SC0092600,STATE TRANSPORT POLICE,STATE TRANSPORT POLICE,Other State Agency,SC,,0,0
2019,0,0,0,0,0,0,0,0,0,SC009FC00,FC: CALHOUN COUNTY,FC: CALHOUN COUNTY,Other State Agency,SC,,0,0
2019,0,0,0,0,0,0,0,0,0,SC010FC00,FC: CHARLESTON COUNTY,FC: CHARLESTON COUNTY,Other State Agency,SC,,0,0
2019,0,0,0,0,0,0,0,0,0,SC012FC00,FC: CHESTER COUNTY,FC: CHESTER COUNTY,Other State Agency,SC,,0,0
2019,0,0,0,0,0,0,0,0,0,SC0142600,STATE TRANSPORT POLICE,STATE TRANSPORT POLICE,Other State Agency,SC,,0,0
2019,0,0,0,0,0,0,0,0,0,SC014FC00,FC: CLARENDON COUNTY,FC: CLARENDON COUNTY,Other State Agency,SC,,0,0
2019,0,0,0,0,0,0,0,0,0,SC017FC00,FC: DILLON COUNTY,FC: DILLON COUNTY,Other State Agency,SC,,0,0
2019,0,0,0,0,0,0,0,0,0,SC018FC00,FC: DORCHESTER COUNTY,FC: DORCHESTER COUNTY,Other State Agency,SC,,0,0
2019,0,0,0,0,0,0,0,0,0,SC019FC00,FC: EDGEFIELD COUNTY,FC: EDGEFIELD COUNTY,Other State Agency,SC,,0,0
2019,0,0,0,0,0,0,0,0,0,SC0202600,STATE TRANSPORT POLICE,STATE TRANSPORT POLICE,Other State Agency,SC,,0,0
2019,0,0,0,0,0,0,0,0,0,SC0222600,STATE TRANSPORT POLICE,STATE TRANSPORT POLICE,Other State Agency,SC,,0,0
2019,0,0,0,0,0,0,0,0,0,SC022FC00,FC: GEORGETOWN COUNTY,FC: GEORGETOWN COUNTY,Other State Agency,SC,,0,0
2019,0,0,0,0,0,0,0,0,0,SC023FC00,FC: GREENVILLE COUNTY,FC: GREENVILLE COUNTY,Other State Agency,SC,,0,0
2019,0,0,0,0,0,0,0,0,0,SC024FC00,FC: GREENWOOD COUNTY,FC: GREENWOOD COUNTY,Other State Agency,SC,,0,0
2019,1,0,0,0,1,0,1,0,1,SC025FC00,FC: HAMPTON COUNTY,FC: HAMPTON COUNTY,Other State Agency,SC,,0,1
2019,0,0,0,0,0,0,0,0,0,SC0272600,STATE TRANSPORT POLICE,STATE TRANSPORT POLICE,Other State Agency,SC,,0,0
2019,0,0,0,0,0,0,0,0,0,SC027FC00,FC: JASPER COUNTY,FC: JASPER COUNTY,Other State Agency,SC,,0,0
2019,0,0,0,0,0,0,0,0,0,SC029FC00,FC: LANCASTER COUNTY,FC: LANCASTER COUNTY,Other State Agency,SC,,0,0
2019,0,0,0,0,0,0,0,0,0,SC0302600,STATE TRANSPORT POLICE,STATE TRANSPORT POLICE,Other State Agency,SC,,0,0
2019,0,0,0,0,0,0,0,0,0,SC0312600,STATE TRANSPORT POLICE,STATE TRANSPORT POLICE,Other State Agency,SC,,0,0
2019,0,0,0,0,0,0,0,0,0,SC031FC00,FC: LEE COUNTY,FC: LEE COUNTY,Other State Agency,SC,,0,0
2019,0,0,0,0,0,0,0,0,0,SC0332600,STATE TRANSPORT POLICE,STATE TRANSPORT POLICE,Other State Agency,SC,,0,0
2019,0,0,0,0,0,0,0,0,0,SC033FC00,FC: MCCORMICK COUNTY,FC: MCCORMICK COUNTY,Other State Agency,SC,,0,0
2019,0,0,0,0,0,0,0,0,0,SC034FC00,FC: MARION COUNTY,FC: MARION COUNTY,Other State Agency,SC,,0,0
2019,0,0,0,0,0,0,0,0,0,SC0352600,STATE TRANSPORT POLICE,STATE TRANSPORT POLICE,Other State Agency,SC,,0,0
2019,0,0,0,0,0,0,0,0,0,SC0392600,STATE TRANSPORT POLICE,STATE TRANSPORT POLICE,Other State Agency,SC,,0,0
2019,0,0,0,0,0,0,0,0,0,SC041FC00,FC: SALUDA COUNTY,FC: SALUDA COUNTY,Other State Agency,SC,,0,0
2019,0,0,0,0,0,0,0,0,0,SC0442600,STATE TRANSPORT POLICE,STATE TRANSPORT POLICE,Other State Agency,SC,,0,0
2019,0,0,0,0,0,0,0,0,0,SC044FC00,FC: UNION COUNTY,FC: UNION COUNTY,Other State Agency,SC,,0,0
2018,2,2,0,2,0,0,0,387,2,SC0450400,GREELEYVILLE PD,GREELEYVILLE PD,City,SC,5.17,0,2
2019,0,0,0,0,0,0,0,0,0,SC046FC00,FC: YORK COUNTY,FC: YORK COUNTY,Other State Agency,SC,,0,0
2019,0,0,0,0,0,0,0,0,0,SD0110400,YANKTON TRIBAL PD WAGNER,YANKTON TRIBAL PD WAGNER,Tribal,SD,,0,0
2019,0,0,0,0,0,0,0,400,0,SD0160200,HERMOSA POLICE DEPARTMENT,HERMOSA POLICE DEPARTMENT,City,SD,0,0,0
2019,0,0,0,0,0,0,0,0,0,SD0200100,CHEYENNE RIVER TRIBAL PD EAGLE BUTTE,CHEYENNE RIVER TRIBAL PD EAGLE BUTTE,Tribal,SD,,0,0
2019,0,0,0,0,0,0,0,999,0,SD0410600,WORTHING POLICE DEPARTMENT,WORTHING POLICE DEPARTMENT,City,SD,0,0,0
2019,0,0,0,0,0,0,0,0,0,SD0540200,SISSETON TRIBAL PD SISSETON,SISSETON TRIBAL PD SISSETON,Tribal,SD,,0,0
2019,0,0,0,0,0,0,0,0,0,SD0560200,PINE RIDGE SIOUX TRIBAL PD KYLE,PINE RIDGE SIOUX TRIBAL PD KYLE,Tribal,SD,,0,0
2019,0,0,0,0,0,0,0,10290,0,SD0600000,TODD COUNTY SO MISSION,TODD COUNTY SO MISSION,County,SD,0,0,0
2019,0,0,0,0,0,0,0,0,0,TN0010600,SEVENTH JUDICIAL DISTRICT DRUG TASK FORCE,SEVENTH JUDICIAL DISTRICT DRUG TASK FORCE,Other,TN,,0,0
2019,0,0,0,0,0,0,0,1626,0,TN0040100,PIKEVILLE PD,PIKEVILLE PD,City,TN,0,0,0
2019,0,0,0,0,0,0,0,0,0,TN0050600,FIFTH JUDICIAL DISTRICT DRUG TASK FORCE,FIFTH JUDICIAL DISTRICT DRUG TASK FORCE,Other,TN,,0,0
2019,0,0,0,0,0,0,0,376,0,TN0090800,CLARKSBURG POLICE DEPARTMENT,CLARKSBURG POLICE DEPARTMENT,City,TN,0,0,0
2019,0,0,0,0,0,0,0,664,0,TN0170400,MAURY CITY PD,MAURY CITY PD,City,TN,0,0,0
2019,0,0,0,0,0,0,0,461,0,TN0170500,GADSDEN POLICE DEPARTMENT GADSDEN,GADSDEN POLICE DEPARTMENT GADSDEN,City,TN,0,0,0
2019,0,0,0,0,0,0,0,334,0,TN0350700,TOONE POLICE DEPARTMENT,TOONE POLICE DEPARTMENT,City,TN,0,0,0
2019,0,0,0,0,0,0,0,528,0,TN0360500,SALTILLO POLICE DEPARTMENT SALTILLO,SALTILLO POLICE DEPARTMENT SALTILLO,City,TN,0,0,0
2019,0,0,0,0,0,0,0,621,0,TN0490400,GATES PD,GATES PD,City,TN,0,0,0
2019,0,0,0,0,0,0,0,0,0,TN0630500,19TH JUDICIAL DIST DRUG TASK FORCE CLARKSVILLE,19TH JUDICIAL DIST DRUG TASK FORCE CLARKSVILLE,Other,TN,,0,0
2019,0,0,0,0,0,0,0,0,0,TN0660600,TWENTY-SEVENTH DIST DRUG TASK FORCE UNION CITY,TWENTY-SEVENTH DIST DRUG TASK FORCE UNION CITY,Other,TN,,0,0
2019,0,0,0,0,0,0,0,2079,0,TN0740300,RIDGETOP POLICE DEPARTMENT,RIDGETOP POLICE DEPARTMENT,City,TN,0,0,0
2019,0,0,0,0,0,0,0,1827,0,TN0740400,CROSS PLAINS POLICE DEPARTMENT CROSS PLAINS,CROSS PLAINS POLICE DEPARTMENT CROSS PLAINS,City,TN,0,0,0
2019,1,1,0,1,0,0,0,0,1,TN0820600,SECOND JUDICIAL DIST DRUG TASK FORCE BLOUNTVILL,SECOND JUDICIAL DIST DRUG TASK FORCE BLOUNTVILL,Other,TN,,0,1
2019,0,0,0,0,0,0,0,0,0,TN0850200,FIFTEENTH JUDICIAL DISTRICT DRUG TASK FORCE,FIFTEENTH JUDICIAL DISTRICT DRUG TASK FORCE,Other,TN,,0,0
2019,0,0,0,0,0,0,0,6034,0,TX0380100,CHILDRESS PD,CHILDRESS PD,City,TX,0,0,0
2019,0,0,0,0,0,0,0,0,0,TX0570000,DALLAS CO SO DALLAS,DALLAS CO SO DALLAS,County,TX,,0,0
2019,0,0,0,0,0,0,0,54026,0,TX0570800,DE SOTO PD,DE SOTO PD,City,TX,0,0,0
2019,0,0,0,0,0,0,0,4115,0,TX0910600,WHITESBORO,WHITESBORO,City,TX,0,0,0
2019,0,0,0,0,0,0,0,1945,0,TX1580100,JEFFERSON PD,JEFFERSON PD,City,TX,0,0,0
2019,0,0,0,0,0,0,0,7217,0,TX2273600,THE CITY OF BEE CAVE POLICE DEPARTMENT,THE CITY OF BEE CAVE POLICE DEPARTMENT,City,TX,0,0,0
2019,1,1,0,1,0,0,0,0,1,UT0061400,DAVIS METRO NARCOTICS STRIKE FORCE,DAVIS METRO NARCOTICS STRIKE FORCE,Other,UT,,0,1
2019,0,0,0,0,0,0,0,0,0,UT0240200,UINTAH & OURAY BUREAU OF INDIAN AFFAIRS PD,UINTAH & OURAY BUREAU OF INDIAN AFFAIRS PD,Tribal,UT,,0,0
2019,1,1,0,1,0,0,0,0,1,UT0252000,UTAH COUNTY MAJOR CRIME TASK FORCE,UTAH COUNTY MAJOR CRIME TASK FORCE,Other,UT,,0,1
2019,0,0,0,0,0,0,0,334,0,VA0510300,WHITE STONE POLICE DEPARTMENT,WHITE STONE POLICE DEPARTMENT,City,VA,0,0,0
2019,0,0,0,0,0,0,0,532,0,VA0750400,QUANTICO PD,QUANTICO PD,City,VA,0,0,0
2019,0,0,0,0,0,0,0,690,0,WA0140700,OAKVILLE PD,OAKVILLE PD,City,WA,0,0,0
2019,0,0,0,0,0,0,0,7314,0,WA0171100,NORTH BEND PD,NORTH BEND PD,City,WA,0,0,0
2019,0,0,0,0,0,0,0,1166,0,WA0173100,YARROW POINT PD,YARROW POINT PD,City,WA,0,0,0
2019,0,0,0,0,0,0,0,740,0,WA0200200,BINGEN PD,BINGEN PD,City,WA,0,0,0
2019,0,0,0,0,0,0,0,809,0,WA0210400,MOSSYROCK PD,MOSSYROCK PD,City,WA,0,0,0
2019,0,0,0,0,0,0,0,967,0,WA0250300,ILWACO PD,ILWACO PD,City,WA,0,0,0
2019,0,0,0,0,0,0,0,1429,0,WA0310900,DARRINGTON PD,DARRINGTON PD,City,WA,0,0,0
2019,0,0,0,0,0,0,0,3858,0,WA0311100,GRANITE FALLS PD,GRANITE FALLS PD,City,WA,0,0,0
2019,0,0,0,0,0,0,0,5266,0,WA0311500,SULTAN PD,SULTAN PD,City,WA,0,0,0
2019,0,0,0,0,0,0,0,1398,0,WA0311600,WOODWAY PD WOODWAY,WOODWAY PD WOODWAY,City,WA,0,0,0
2019,0,0,0,0,0,0,0,472,0,WA0380600,COLTON PD,COLTON PD,City,WA,0,0,0
2019,0,0,0,0,0,0,0,620,0,WA0380700,GARFIELD PD,GARFIELD PD,City,WA,0,0,0
2019,0,0,0,0,0,0,0,443,0,WA0381400,OAKESDALE PD,OAKESDALE PD,City,WA,0,0,0
2019,0,0,0,0,0,0,0,352,0,WA0381600,UNIONTOWN,UNIONTOWN,City,WA,0,0,0
2019,0,0,0,0,0,0,0,0,0,WADI05600,MAKAH TRIBAL POLICE NEAH BAY,MAKAH TRIBAL POLICE NEAH BAY,Tribal,WA,,0,0
2019,0,0,0,0,0,0,0,1212,0,WI0201100,BRANDON-FAIRWATER,BRANDON-FAIRWATER,City,WI,0,0,0
2019,0,0,0,0,0,0,0,625,0,WI0250800,AVOCA PD,AVOCA PD,City,WI,0,0,0
2019,0,0,0,0,0,0,0,791,0,WI0330200,BLANCHARDVILLE PD,BLANCHARDVILLE PD,City,WI,0,0,0
2019,0,0,0,0,0,0,0,426,0,WI0390300,NESHKORO PD,NESHKORO PD,City,WI,0,0,0
2019,0,0,0,0,0,0,0,603,0,WI0390400,OXFORD PD,OXFORD PD,City,WI,0,0,0
2019,0,0,0,0,0,0,0,461,0,WI0390500,ENDEAVOR,ENDEAVOR,City,WI,0,0,0
2019,0,0,0,0,0,0,0,0,0,WI0412000,ST FAIR PK PD MILWAUKEE,ST FAIR PK PD MILWAUKEE,Other State Agency,WI,,0,0
2018,0,0,0,0,0,0,0,469,0,WI0420400,KENDALL,KENDALL,City,WI,0,0,0
2019,16,2,0,2,14,0,14,0,16,WI0640100,LAC DU FLAMBEAU PD,LAC DU FLAMBEAU PD,Tribal,WI,,0,16
2019,0,0,0,0,0,0,0,2249,0,WI0683000,NORTH PRAIRIE PD,NORTH PRAIRIE PD,City,WI,0,0,0
2019,0,0,0,0,0,0,0,0,0,WV0010600,WV STATE FIRE MARSHAL'S OFFICE,WV STATE FIRE MARSHAL'S OFFICE,Other State Agency,WV,,0,0
2019,0,0,0,0,0,0,0,0,0,WV0020300,STATE FIRE MARSHAL'S OFF ARSON DIV MARTINSBURG,STATE FIRE MARSHAL'S OFF ARSON DIV MARTINSBURG,Other State Agency,WV,,0,0
2019,0,0,0,0,0,0,0,0,0,WV0030700,STATE FIRE MARSHAL'S OFF AREA 8 MADISON,STATE FIRE MARSHAL'S OFF AREA 8 MADISON,Other State Agency,WV,,0,0
2019,0,0,0,0,0,0,0,0,0,WV0040700,WV STATE FIRE MARSHAL'S OFFICE,WV STATE FIRE MARSHAL'S OFFICE,Other State Agency,WV,,0,0
2019,0,0,0,0,0,0,0,842,0,WV0050500,BETHANY,BETHANY,City,WV,0,0,0
2019,0,0,0,0,0,0,0,0,0,WV0050700,WV STATE FIRE MARSHAL'S OFFICE,WV STATE FIRE MARSHAL'S OFFICE,Other State Agency,WV,,0,0
2019,0,0,0,0,0,0,0,470,0,WV0050800,BEECH BOTTOM,BEECH BOTTOM,City,WV,0,0,0
2019,0,0,0,0,0,0,0,0,0,WV0060800,STATE FIRE MARSHAL'S OFF AREA 3 BARBOURSVILLE,STATE FIRE MARSHAL'S OFF AREA 3 BARBOURSVILLE,Other State Agency,WV,,0,0
2019,0,0,0,0,0,0,0,0,0,WV0070300,WV STATE FIRE MARSHAL'S OFFICE,WV STATE FIRE MARSHAL'S OFFICE,Other State Agency,WV,,0,0
2019,0,0,0,0,0,0,0,0,0,WV0080300,WV STATE FIRE MARSHAL'S OFFICE,WV STATE FIRE MARSHAL'S OFFICE,Other State Agency,WV,,0,0
2019,0,0,0,0,0,0,0,0,0,WV0090300,WV STATE FIRE MARSHAL'S OFFICE,WV STATE FIRE MARSHAL'S OFFICE,Other State Agency,WV,,0,0
2019,0,0,0,0,0,0,0,0,0,WV0101500,WV STATE FIRE MARSHAL'S OFFICE,WV STATE FIRE MARSHAL'S OFFICE,Other State Agency,WV,,0,0
2019,0,0,0,0,0,0,0,0,0,WV0110300,LAW ENF DIV DEPT NATRL RESOURCES COXS MILLS,LAW ENF DIV DEPT NATRL RESOURCES COXS MILLS,Other State Agency,WV,,0,0
2019,0,0,0,0,0,0,0,0,0,WV0110600,WV STATE FIRE MARSHAL'S OFFICE,WV STATE FIRE MARSHAL'S OFFICE,Other State Agency,WV,,0,0
2019,0,0,0,0,0,0,0,263,0,WV0120300,BAYARD PD,BAYARD PD,City,WV,0,0,0
2019,0,0,0,0,0,0,0,0,0,WV0120400,WV STATE FIRE MARSHAL'S OFFICE,WV STATE FIRE MARSHAL'S OFFICE,Other State Agency,WV,,0,0
2019,0,0,0,0,0,0,0,371,0,WV0140500,CAPON BRIDGE POLICE DEPARTMENT,CAPON BRIDGE POLICE DEPARTMENT,City,WV,0,0,0
2019,0,0,0,0,0,0,0,0,0,WV0140600,WV STATE FIRE MARSHAL'S OFFICE,WV STATE FIRE MARSHAL'S OFFICE,Other State Agency,WV,,0,0
2019,0,0,0,0,0,0,0,0,0,WV0150500,STATE FIRE MARSH OFF ARSON DIV AREA 1 WEIRTON,STATE FIRE MARSH OFF ARSON DIV AREA 1 WEIRTON,Other State Agency,WV,,0,0
2019,0,0,0,0,0,0,0,0,0,WV0160600,WV STATE FIRE MARSHAL'S OFFICE,WV STATE FIRE MARSHAL'S OFFICE,Other State Agency,WV,,0,0
2019,0,0,0,0,0,0,0,0,0,WV0171200,STATE FIRE MARSHAL'S OFFICE AREA 5 BRIDGEPORT,STATE FIRE MARSHAL'S OFFICE AREA 5 BRIDGEPORT,Other State Agency,WV,,0,0
2019,0,0,0,0,0,0,0,0,0,WV0180500,WV STATE FIRE MARSHAL'S OFFICE,WV STATE FIRE MARSHAL'S OFFICE,Other State Agency,WV,,0,0
2019,0,0,0,0,0,0,0,0,0,WV0190800,WV STATE FIRE MARSHAL'S OFFICE,WV STATE FIRE MARSHAL'S OFFICE,Other State Agency,WV,,0,0
2019,0,0,0,0,0,0,0,879,0,WV0201100,EAST BANK PD,EAST BANK PD,City,WV,0,0,0
2019,0,0,0,0,0,0,0,317,0,WV0201800,HANDLEY PD,HANDLEY PD,City,WV,0,0,0
2019,0,0,0,0,0,0,0,0,0,WV0210300,STATE FIRE MARSH OFF ARSON DIV AREA 3 WESTON,STATE FIRE MARSH OFF ARSON DIV AREA 3 WESTON,Other State Agency,WV,,0,0
2019,0,0,0,0,0,0,0,0,0,WV0220500,WV STATE FIRE MARSHAL'S OFFICE,WV STATE FIRE MARSHAL'S OFFICE,Other State Agency,WV,,0,0
2019,0,0,0,0,0,0,0,277,0,WV0230600,MITCHELL HEIGHTS LOGAN,MITCHELL HEIGHTS LOGAN,City,WV,0,0,0
2019,0,0,0,0,0,0,0,0,0,WV0230800,WV STATE FIRE MARSHAL'S OFFICE,WV STATE FIRE MARSHAL'S OFFICE,Other State Agency,WV,,0,0
2019,0,0,0,0,0,0,0,226,0,WV0240100,KEYSTONE PD,KEYSTONE PD,City,WV,0,0,0
2019,0,0,0,0,0,0,0,183,0,WV0240400,ANAWALT PD,ANAWALT PD,City,WV,0,0,0
2019,0,0,0,0,0,0,0,343,0,WV0240600,NORTHFORK PD,NORTHFORK PD,City,WV,0,0,0
2019,0,0,0,0,0,0,0,0,0,WV0241100,STATE FIRE MARSHAL'S OFF ARSON DIV WELCH,STATE FIRE MARSHAL'S OFF ARSON DIV WELCH,Other State Agency,WV,,0,0
2019,0,0,0,0,0,0,0,0,0,WV0251500,WV STATE FIRE MARSHAL'S OFFICE,WV STATE FIRE MARSHAL'S OFFICE,Other State Agency,WV,,0,0
2019,0,0,0,0,0,0,0,0,0,WV0261100,WV STATE FIRE MARSHAL'S OFFICE,WV STATE FIRE MARSHAL'S OFFICE,Other State Agency,WV,,0,0
2019,0,0,0,0,0,0,0,261,0,WV0270400,HENDERSON PD,HENDERSON PD,City,WV,0,0,0
2019,0,0,0,0,0,0,0,0,0,WV0271300,WV STATE FIRE MARSHAL'S OFFICE,WV STATE FIRE MARSHAL'S OFFICE,Other State Agency,WV,,0,0
2019,0,0,0,0,0,0,0,205,0,WV0280400,MATOAKA PD,MATOAKA PD,City,WV,0,0,0
2019,0,0,0,0,0,0,0,0,0,WV0281200,WV STATE FIRE MARSHAL'S OFFICE,WV STATE FIRE MARSHAL'S OFFICE,Other State Agency,WV,,0,0
2019,0,0,0,0,0,0,0,0,0,WV0290700,STATE FIRE MARSHAL'S OFF AREA 7 RIDGELEY,STATE FIRE MARSHAL'S OFF AREA 7 RIDGELEY,Other State Agency,WV,,0,0
2019,0,0,0,0,0,0,0,0,0,WV0300900,WV STATE FIRE MARSHAL'S OFFICE,WV STATE FIRE MARSHAL'S OFFICE,Other State Agency,WV,,0,0
2019,0,0,0,0,0,0,0,0,0,WV0311400,MON VALLEY DRUG TASK FORCE,MON VALLEY DRUG TASK FORCE,Other,WV,,0,0
2019,0,0,0,0,0,0,0,0,0,WV0320800,WV STATE FIRE MARSHAL'S OFFICE,WV STATE FIRE MARSHAL'S OFFICE,Other State Agency,WV,,0,0
2019,0,0,0,0,0,0,0,488,0,WV0330200,PAW PAW PD,PAW PAW PD,City,WV,0,0,0
2019,0,0,0,0,0,0,0,0,0,WV0340400,STATE FIRE MARSHAL'S OFF ARSON DIV MT NEBO,STATE FIRE MARSHAL'S OFF ARSON DIV MT NEBO,Other State Agency,WV,,0,0
2019,0,0,0,0,0,0,0,1427,0,WV0350400,WEST LIBERTY POLICE DEPARTMENT WEST LIBERTY,WEST LIBERTY POLICE DEPARTMENT WEST LIBERTY,City,WV,0,0,0
2019,0,0,0,0,0,0,0,487,0,WV0350800,VILLAGE OF CLEAR VIEW PD CLEAR VIEW,VILLAGE OF CLEAR VIEW PD CLEAR VIEW,City,WV,0,0,0
2019,0,0,0,0,0,0,0,0,0,WV0350900,WV STATE FIRE MARSHAL'S OFFICE,WV STATE FIRE MARSHAL'S OFFICE,Other State Agency,WV,,0,0
2019,0,0,0,0,0,0,0,0,0,WV0360400,WV STATE FIRE MARSHAL'S OFFICE,WV STATE FIRE MARSHAL'S OFFICE,Other State Agency,WV,,0,0
2019,0,0,0,0,0,0,0,0,0,WV0370500,WV STATE FIRE MARSHAL'S OFFICE,WV STATE FIRE MARSHAL'S OFFICE,Other State Agency,WV,,0,0
2019,0,0,0,0,0,0,0,977,0,WV0380100,MARLINTON PD,MARLINTON PD,City,WV,0,0,0
2019,0,0,0,0,0,0,0,0,0,WV0380900,WV STATE FIRE MARSHAL'S OFFICE,WV STATE FIRE MARSHAL'S OFFICE,Other State Agency,WV,,0,0
2019,0,0,0,0,0,0,0,575,0,WV0390300,ROWLESBURG PD,ROWLESBURG PD,City,WV,0,0,0
2019,0,0,0,0,0,0,0,0,0,WV0390900,STATE FIRE MARSHAL'S OFFICE AREA 5,STATE FIRE MARSHAL'S OFFICE AREA 5,Other State Agency,WV,,0,0
2019,0,0,0,0,0,0,0,283,0,WV0391100,ALBRIGHT POLICE DEPARTMENT,ALBRIGHT POLICE DEPARTMENT,City,WV,0,0,0
2019,0,0,0,0,0,0,0,986,0,WV0400400,POCA,POCA,City,WV,0,0,0
2019,0,0,0,0,0,0,0,0,0,WV0400800,WV STATE FIRE MARSHAL'S OFFICE,WV STATE FIRE MARSHAL'S OFFICE,Other State Agency,WV,,0,0
2019,0,0,0,0,0,0,0,0,0,WV0410900,WV STATE FIRE MARSHAL'S OFFICE,WV STATE FIRE MARSHAL'S OFFICE,Other State Agency,WV,,0,0
2019,0,0,0,0,0,0,0,0,0,WV0421000,WV STATE FIRE MARSHAL'S OFFICE,WV STATE FIRE MARSHAL'S OFFICE,Other State Agency,WV,,0,0
2019,0,0,0,0,0,0,0,0,0,WV0430700,WV STATE FIRE MARSHAL'S OFFICE,WV STATE FIRE MARSHAL'S OFFICE,Other State Agency,WV,,0,0
2019,0,0,0,0,0,0,0,0,0,WV0440300,WV STATE FIRE MARSHAL'S OFFICE,WV STATE FIRE MARSHAL'S OFFICE,Other State Agency,WV,,0,0
2019,0,0,0,0,0,0,0,0,0,WV0450700,WV STATE FIRE MARSHAL'S OFFICE,WV STATE FIRE MARSHAL'S OFFICE,Other State Agency,WV,,0,0
2019,0,0,0,0,0,0,0,0,0,WV0460700,WV STATE FIRE MARSHAL'S OFFICE,WV STATE FIRE MARSHAL'S OFFICE,Other State Agency,WV,,0,0
2019,0,0,0,0,0,0,0,0,0,WV0470900,WV STATE FIRE MARSHAL'S OFFICE,WV STATE FIRE MARSHAL'S OFFICE,Other State Agency,WV,,0,0
2019,0,0,0,0,0,0,0,0,0,WV0480600,WV STATE FIRE MARSHAL'S OFFICE,WV STATE FIRE MARSHAL'S OFFICE,Other State Agency,WV,,0,0
2019,0,0,0,0,0,0,0,0,0,WV0490400,WV STATE FIRE MARSHAL'S OFFICE,WV STATE FIRE MARSHAL'S OFFICE,Other State Agency,WV,,0,0
2019,0,0,0,0,0,0,0,0,0,WV0500900,WV STATE FIRE MARSHAL'S OFFICE,WV STATE FIRE MARSHAL'S OFFICE,Other State Agency,WV,,0,0
2019,0,0,0,0,0,0,0,148,0,WV0510300,CAMDEN ON GAULEY POLICE DEPARTMENT,CAMDEN ON GAULEY POLICE DEPARTMENT,City,WV,0,0,0
2019,0,0,0,0,0,0,0,0,0,WV0510800,WV STATE FIRE MARSHAL'S OFFICE,WV STATE FIRE MARSHAL'S OFFICE,Other State Agency,WV,,0,0
2019,0,0,0,0,0,0,0,0,0,WV0520800,WV STATE FIRE MARSHAL'S OFFICE,WV STATE FIRE MARSHAL'S OFFICE,Other State Agency,WV,,0,0
2019,0,0,0,0,0,0,0,0,0,WV0530300,WV STATE FIRE MARSHAL'S OFFICE,WV STATE FIRE MARSHAL'S OFFICE,Other State Agency,WV,,0,0
2019,0,0,0,0,0,0,0,0,0,WV0540500,STATE FIRE MAR OFF ARS DIV AREA 4 WILLIAMSTOWN,STATE FIRE MAR OFF ARS DIV AREA 4 WILLIAMSTOWN,Other State Agency,WV,,0,0
2019,0,0,0,0,0,0,0,0,0,WV0550500,WV STATE FIRE MARSHAL'S OFFICE,WV STATE FIRE MARSHAL'S OFFICE,Other State Agency,WV,,0,0
2019,0,0,0,0,0,0,0,0,0,WVWSP6200,STATE POLICE PARKWAY AUTH CHARLESTON,STATE POLICE PARKWAY AUTH CHARLESTON,State Police,WV,,0,0
2019,0,0,0,0,0,0,0,0,0,WVWSP6700,WEST VIRGINIA STATE POLICE,WEST VIRGINIA STATE POLICE,State Police,WV,,0,0
2019,0,0,0,0,0,0,0,0,0,WVWSP6800,WEST VIRGINIA STATE POLICE,WEST VIRGINIA STATE POLICE,State Police,WV,,0,0
2019,0,0,0,0,0,0,0,0,0,WVWSP8600,WV STATE POLICE CRIMINAL INVESTIGATIONS,WV STATE POLICE CRIMINAL INVESTIGATIONS,State Police,WV,,0,0
